cfr_id,category,source_level,active,mandatory,requirement_en,requirement_et,assessment,evidence,gap_and_next_action,proposed_owner,sources,repo_commit,cfr_commit,review_date
1,development,required,True,True,Version source in Git,Rakenduse kood on versioneeritud kasutades Git'i.,Met,Git repository; pinned main commit; drizzle/ migrations and migration tests.,Retain complete history and migration artifacts in the receiving organisation.,Engineering,https://koodivaramu.eesti.ee/e-gov/cfr/-/blob/4d8b69cb1777952f92310adda22edb95bace4467/cfr.xml | https://github.com/luukasilves/Kaskaadhankija/blob/65d2792b01f5f6d90691443af4ce11d260551fd0/docs/tehniline-ulevaade.md | https://github.com/luukasilves/Kaskaadhankija/blob/65d2792b01f5f6d90691443af4ce11d260551fd0/docs/juurutamine.md,65d2792b01f5f6d90691443af4ce11d260551fd0,4d8b69cb1777952f92310adda22edb95bace4467,2026-09-14
2,development,required,True,True,Maintainable and understandable source,"Rakenduse lähtekood on kirjutatud selgusega, mis võimaldab erialast ettevalmistust omaval tarkvaraarendajal süsteemi edasi arendada.",Met,src/domain/allocate.ts; src/server/rounds/engine.ts; docs/tehniline-ulevaade.md; rule-linked tests.,Strong domain separation and comments. Split the growing engine/framework modules by lifecycle when next changing them; keep specifications current.,Engineering,https://koodivaramu.eesti.ee/e-gov/cfr/-/blob/4d8b69cb1777952f92310adda22edb95bace4467/cfr.xml | https://github.com/luukasilves/Kaskaadhankija/blob/65d2792b01f5f6d90691443af4ce11d260551fd0/docs/tehniline-ulevaade.md | https://github.com/luukasilves/Kaskaadhankija/blob/65d2792b01f5f6d90691443af4ce11d260551fd0/docs/juurutamine.md,65d2792b01f5f6d90691443af4ce11d260551fd0,4d8b69cb1777952f92310adda22edb95bace4467,2026-09-14
3,development,recommended,True,False,Publish reusable code in e-gov repository,Taaskasutatavalt disainitud rakenduse kood on e-riigi koodivaramus (koodivaramu.eesti.ee).,Not met,Source is on GitHub; no e-gov mirror is documented.,Agree licence and mirror to koodivaramu where reuse is intended.,Service owner,https://koodivaramu.eesti.ee/e-gov/cfr/-/blob/4d8b69cb1777952f92310adda22edb95bace4467/cfr.xml | https://github.com/luukasilves/Kaskaadhankija/blob/65d2792b01f5f6d90691443af4ce11d260551fd0/docs/tehniline-ulevaade.md | https://github.com/luukasilves/Kaskaadhankija/blob/65d2792b01f5f6d90691443af4ce11d260551fd0/docs/juurutamine.md,65d2792b01f5f6d90691443af4ce11d260551fd0,4d8b69cb1777952f92310adda22edb95bace4467,2026-09-14
4,development,expected,True,False,Build without external dependencies being available,Rakenduste ehitamine pole väliselt sõltuv.,Not met,Dockerfile; pnpm-lock.yaml; .github/workflows/ci.yml fetch public packages/images/actions.,"Provide agency-controlled source, package and base-image mirrors; demonstrate a disconnected build. Lockfiles alone are insufficient.",Platform,https://koodivaramu.eesti.ee/e-gov/cfr/-/blob/4d8b69cb1777952f92310adda22edb95bace4467/cfr.xml | https://github.com/luukasilves/Kaskaadhankija/blob/65d2792b01f5f6d90691443af4ce11d260551fd0/docs/tehniline-ulevaade.md | https://github.com/luukasilves/Kaskaadhankija/blob/65d2792b01f5f6d90691443af4ce11d260551fd0/docs/juurutamine.md,65d2792b01f5f6d90691443af4ce11d260551fd0,4d8b69cb1777952f92310adda22edb95bace4467,2026-09-14
5,development,expected,True,False,Use a TIOBE top-25 programming language,"Rakenduse arenduses ei kasutata programmeerimiskeeli, mis pole Top 25 TIOBE index'is.",Not met,TypeScript source; TIOBE September 2026 lists TypeScript at 39; JavaScript is within top 25.,Literal source-language mismatch. Seek an explicit TypeScript exception supported by recruitment and maintenance evidence; this is not a reason to rewrite the application.,Architecture,https://koodivaramu.eesti.ee/e-gov/cfr/-/blob/4d8b69cb1777952f92310adda22edb95bace4467/cfr.xml | https://github.com/luukasilves/Kaskaadhankija/blob/65d2792b01f5f6d90691443af4ce11d260551fd0/docs/tehniline-ulevaade.md | https://github.com/luukasilves/Kaskaadhankija/blob/65d2792b01f5f6d90691443af4ce11d260551fd0/docs/juurutamine.md | https://www.tiobe.com/tiobe-index/,65d2792b01f5f6d90691443af4ce11d260551fd0,4d8b69cb1777952f92310adda22edb95bace4467,2026-09-14
6,development,required,True,True,Declare software licence and rights,Rakenduse tarkvara markeerida litsentsiga.,Not met,"No LICENSE/LICENCE/COPYING file, package licence or general source licence headers found. basic-secret-license-scan.json.",Owner must establish rights and select a suitable licence; include third-party notices. A public GitHub repository is not a licence.,Service owner / Legal,https://koodivaramu.eesti.ee/e-gov/cfr/-/blob/4d8b69cb1777952f92310adda22edb95bace4467/cfr.xml | https://github.com/luukasilves/Kaskaadhankija/blob/65d2792b01f5f6d90691443af4ce11d260551fd0/docs/tehniline-ulevaade.md | https://github.com/luukasilves/Kaskaadhankija/blob/65d2792b01f5f6d90691443af4ce11d260551fd0/docs/juurutamine.md,65d2792b01f5f6d90691443af4ce11d260551fd0,4d8b69cb1777952f92310adda22edb95bace4467,2026-09-14
7,development,expected,True,False,Component end of life at least five years away,"Kõikide arendamisel kasutatavate komponentide (rakenduse, andmebaasi, kolmanda osapoole omad) eluea lõpp (inglise k End-of-Life, EOL) ei tohi teadaolevalt olla vähem kui 5 aastat.",Not met,Dockerfile and CI use Node 22; official Node schedule gives EOL 2027-04-30.,Document supported component inventory and funded upgrades; agree how the literal five-year requirement is satisfied or excepted. The current runtime expires before framework end in December 2027.,Engineering / Architecture,https://koodivaramu.eesti.ee/e-gov/cfr/-/blob/4d8b69cb1777952f92310adda22edb95bace4467/cfr.xml | https://github.com/luukasilves/Kaskaadhankija/blob/65d2792b01f5f6d90691443af4ce11d260551fd0/docs/tehniline-ulevaade.md | https://github.com/luukasilves/Kaskaadhankija/blob/65d2792b01f5f6d90691443af4ce11d260551fd0/docs/juurutamine.md | https://github.com/nodejs/Release,65d2792b01f5f6d90691443af4ce11d260551fd0,4d8b69cb1777952f92310adda22edb95bace4467,2026-09-14
8,development,expected,True,False,Current recovery plans,Teenuse rakendustele eksisteerivad ajakohased taasteplaanid.,Partially met,docs/juurutamine.md §7 has consistent SQLite backup and restore instructions; standalone restart test passed.,"Assign RPO/RTO, backup ownership, encryption and retention; execute a restore from independent backup. A process restart is not a backup recovery drill.",Platform,https://koodivaramu.eesti.ee/e-gov/cfr/-/blob/4d8b69cb1777952f92310adda22edb95bace4467/cfr.xml | https://github.com/luukasilves/Kaskaadhankija/blob/65d2792b01f5f6d90691443af4ce11d260551fd0/docs/tehniline-ulevaade.md | https://github.com/luukasilves/Kaskaadhankija/blob/65d2792b01f5f6d90691443af4ce11d260551fd0/docs/juurutamine.md,65d2792b01f5f6d90691443af4ce11d260551fd0,4d8b69cb1777952f92310adda22edb95bace4467,2026-09-14
9,deployment,required,True,True,Security testing before production,Rakendus peab olema läbinud enne toodangusse minemist turvatestimise.,Unverified,Authentication tests and this independent review exist; no completed formal risk-based preproduction security assessment found.,"Commission and accept a scoped assessment after fixes, including deployed proxy/identity, authorization, uploads and incident controls.",Security,https://koodivaramu.eesti.ee/e-gov/cfr/-/blob/4d8b69cb1777952f92310adda22edb95bace4467/cfr.xml | https://github.com/luukasilves/Kaskaadhankija/blob/65d2792b01f5f6d90691443af4ce11d260551fd0/docs/tehniline-ulevaade.md | https://github.com/luukasilves/Kaskaadhankija/blob/65d2792b01f5f6d90691443af4ce11d260551fd0/docs/juurutamine.md,65d2792b01f5f6d90691443af4ce11d260551fd0,4d8b69cb1777952f92310adda22edb95bace4467,2026-09-14
10,deployment,required,True,True,No known vulnerabilities at production release without accepted exception,"Rakendus ei lähe toodangu-keskkonda, kui selles on avastatud turvalisuse nõrkuseid ja/või haavatavusi.",Not met,Reproduced authorization/business-state weaknesses; dependency-audit.json reports 3 high and 9 moderate affected-package entries.,"Fix confirmed weaknesses, triage advisory reachability, patch applicable dependencies, scan image, and record any approved risk exceptions before production.",Security / Engineering,https://koodivaramu.eesti.ee/e-gov/cfr/-/blob/4d8b69cb1777952f92310adda22edb95bace4467/cfr.xml | https://github.com/luukasilves/Kaskaadhankija/blob/65d2792b01f5f6d90691443af4ce11d260551fd0/docs/tehniline-ulevaade.md | https://github.com/luukasilves/Kaskaadhankija/blob/65d2792b01f5f6d90691443af4ce11d260551fd0/docs/juurutamine.md,65d2792b01f5f6d90691443af4ce11d260551fd0,4d8b69cb1777952f92310adda22edb95bace4467,2026-09-14
11,deployment,expected,True,False,Four-eyes code review before production,"Toodangusse ei lähe kood, mis pole läbinud koodi ülevaatamist (code review) minimaalselt nelja-silma printsiibi põhimõttel.",Unverified,Git history contains pull-request merges; repository protection and human approvals were not verified.,Require independent human review and protected release branches; a merge commit alone does not establish four-eyes review.,Engineering lead,https://koodivaramu.eesti.ee/e-gov/cfr/-/blob/4d8b69cb1777952f92310adda22edb95bace4467/cfr.xml | https://github.com/luukasilves/Kaskaadhankija/blob/65d2792b01f5f6d90691443af4ce11d260551fd0/docs/tehniline-ulevaade.md | https://github.com/luukasilves/Kaskaadhankija/blob/65d2792b01f5f6d90691443af4ce11d260551fd0/docs/juurutamine.md,65d2792b01f5f6d90691443af4ce11d260551fd0,4d8b69cb1777952f92310adda22edb95bace4467,2026-09-14
12,deployment,required,True,True,Failing tests block production release,"Toodangu-keskkonda ei lähe kood, mille testid ebaõnnestuvad.",Partially met,"CI passes typecheck, 591 tests and build; deploy.yml runs separately on push and depends only on bootstrap.","Make production deployment depend on successful checks for the same commit/artifact. Current Fly workflow targets test, so no failed production deployment is alleged.",Platform / Engineering,https://koodivaramu.eesti.ee/e-gov/cfr/-/blob/4d8b69cb1777952f92310adda22edb95bace4467/cfr.xml | https://github.com/luukasilves/Kaskaadhankija/blob/65d2792b01f5f6d90691443af4ce11d260551fd0/docs/tehniline-ulevaade.md | https://github.com/luukasilves/Kaskaadhankija/blob/65d2792b01f5f6d90691443af4ce11d260551fd0/docs/juurutamine.md,65d2792b01f5f6d90691443af4ce11d260551fd0,4d8b69cb1777952f92310adda22edb95bace4467,2026-09-14
13,deployment,expected,True,False,Automated deployment,Keskkondadesse tarkvara paigaldamine on automatiseeritud.,Partially met,"Dockerfile, fly.toml and deploy.yml automate the test environment; government topology is described in docs/juurutamine.md.","Deliver reviewed, reproducible manifests/pipeline for the actual government environment and its rollback procedure.",Platform,https://koodivaramu.eesti.ee/e-gov/cfr/-/blob/4d8b69cb1777952f92310adda22edb95bace4467/cfr.xml | https://github.com/luukasilves/Kaskaadhankija/blob/65d2792b01f5f6d90691443af4ce11d260551fd0/docs/tehniline-ulevaade.md | https://github.com/luukasilves/Kaskaadhankija/blob/65d2792b01f5f6d90691443af4ce11d260551fd0/docs/juurutamine.md,65d2792b01f5f6d90691443af4ce11d260551fd0,4d8b69cb1777952f92310adda22edb95bace4467,2026-09-14
14,deployment,recommended,True,False,Blue-green deployment without interruption,"Rakenduse tarne toodangu-keskkonda toimub sinine-roheline põhimõttel, ehk rakendusest sõltuva teenuse töö ei katke versiooniuuenduse puhul.",Not met,docs/juurutamine.md specifies one instance and Recreate; SQLite file has a single application owner.,"Agree planned outage as an exception, or redesign persistence/jobs and prove safe blue-green operation if zero downtime is required.",Architecture / Platform,https://koodivaramu.eesti.ee/e-gov/cfr/-/blob/4d8b69cb1777952f92310adda22edb95bace4467/cfr.xml | https://github.com/luukasilves/Kaskaadhankija/blob/65d2792b01f5f6d90691443af4ce11d260551fd0/docs/tehniline-ulevaade.md | https://github.com/luukasilves/Kaskaadhankija/blob/65d2792b01f5f6d90691443af4ce11d260551fd0/docs/juurutamine.md,65d2792b01f5f6d90691443af4ce11d260551fd0,4d8b69cb1777952f92310adda22edb95bace4467,2026-09-14
15,deployment,recommended,True,False,Semantic application and API versions,Rakendus on versioneeritud kasutades semantilise versioneerimise põhimõtet.,Partially met,package.json is 0.1.0; specification is v2.7; protocol schema and allocation algorithm have separate versions.,"Define release tags, changelog and compatibility policy. Distinguish app, specification, schema and algorithm versions.",Engineering,https://koodivaramu.eesti.ee/e-gov/cfr/-/blob/4d8b69cb1777952f92310adda22edb95bace4467/cfr.xml | https://github.com/luukasilves/Kaskaadhankija/blob/65d2792b01f5f6d90691443af4ce11d260551fd0/docs/tehniline-ulevaade.md | https://github.com/luukasilves/Kaskaadhankija/blob/65d2792b01f5f6d90691443af4ce11d260551fd0/docs/juurutamine.md,65d2792b01f5f6d90691443af4ce11d260551fd0,4d8b69cb1777952f92310adda22edb95bace4467,2026-09-14
16,deployment,expected,True,False,Automatic production monitoring and alerts,Toodangu keskkondades on rakendused on automaatselt monitooritud.,Partially met,/api/health and Fly health checks; operator documentation names log/health/disk alerts.,"Provide configured alerts with recipients and exercises, including overdue round closures, aged queued/failed mail, backup age and disk pressure.",Platform,https://koodivaramu.eesti.ee/e-gov/cfr/-/blob/4d8b69cb1777952f92310adda22edb95bace4467/cfr.xml | https://github.com/luukasilves/Kaskaadhankija/blob/65d2792b01f5f6d90691443af4ce11d260551fd0/docs/tehniline-ulevaade.md | https://github.com/luukasilves/Kaskaadhankija/blob/65d2792b01f5f6d90691443af4ce11d260551fd0/docs/juurutamine.md,65d2792b01f5f6d90691443af4ce11d260551fd0,4d8b69cb1777952f92310adda22edb95bace4467,2026-09-14
17,architecture,draft,False,False,Correlation identifiers in component logs,Rakenduse tehnilised komponendid logivad korrelatsiooni ID'd või genereerivad selle ise. Korrelatsiooni ID'd saadetakse iga edasise päringuga kaasa.,Not met,No request correlation-ID propagation or consistent structured logging found in src/server or app routes.,Draft only: introduce request/event identifiers when central logging is implemented.,Engineering,https://koodivaramu.eesti.ee/e-gov/cfr/-/blob/4d8b69cb1777952f92310adda22edb95bace4467/cfr.xml | https://github.com/luukasilves/Kaskaadhankija/blob/65d2792b01f5f6d90691443af4ce11d260551fd0/docs/tehniline-ulevaade.md | https://github.com/luukasilves/Kaskaadhankija/blob/65d2792b01f5f6d90691443af4ce11d260551fd0/docs/juurutamine.md,65d2792b01f5f6d90691443af4ce11d260551fd0,4d8b69cb1777952f92310adda22edb95bace4467,2026-09-14
18,architecture,kohustus,True,True,Authenticate through TARA unless explicitly justified,Kasutajate autentimine käib läbi RIA TARA.,Not met,src/server/auth/codes.ts implements email OTP; docs/juurutamine.md §9 treats TARA as future work.,"Use TARA/GovSSO or obtain a documented, approved exception. Map verified identities to independently maintained company representation. Source level is literally kohustus.",Architecture / Security,https://koodivaramu.eesti.ee/e-gov/cfr/-/blob/4d8b69cb1777952f92310adda22edb95bace4467/cfr.xml | https://github.com/luukasilves/Kaskaadhankija/blob/65d2792b01f5f6d90691443af4ce11d260551fd0/docs/tehniline-ulevaade.md | https://github.com/luukasilves/Kaskaadhankija/blob/65d2792b01f5f6d90691443af4ce11d260551fd0/docs/juurutamine.md | https://e-gov.github.io/TARA-Doku/,65d2792b01f5f6d90691443af4ce11d260551fd0,4d8b69cb1777952f92310adda22edb95bace4467,2026-09-14
19,architecture,expected,True,False,Components enforce their own authorization,Rakenduse tehnilised komponendid kaitsevad iseennast ja valideerivad nende poole pöördunud kasutaja või tehnilise teenuse õiguseid.,Partially met,Central buyerWrite/adminWrite/partnerWrite guards; browser-mutations-confirmed.json reproduces cross-partner markNotificationReadAction mutation.,Constrain every object mutation to the authenticated subject and recipient; test direct Server Action requests across roles and organisations.,Engineering,https://koodivaramu.eesti.ee/e-gov/cfr/-/blob/4d8b69cb1777952f92310adda22edb95bace4467/cfr.xml | https://github.com/luukasilves/Kaskaadhankija/blob/65d2792b01f5f6d90691443af4ce11d260551fd0/docs/tehniline-ulevaade.md | https://github.com/luukasilves/Kaskaadhankija/blob/65d2792b01f5f6d90691443af4ce11d260551fd0/docs/juurutamine.md,65d2792b01f5f6d90691443af4ce11d260551fd0,4d8b69cb1777952f92310adda22edb95bace4467,2026-09-14
20,architecture,expected,True,False,Automatically generated API documentation,Tehniliste komponentide API'del eksisteerib automaatselt genereeritud dokumentatsioon.,Not met,Next Server Actions and file/health routes; no generated OpenAPI or equivalent contract found.,Document reusable service contracts and generate API documentation where integrations are exposed. Agree scope for framework-internal actions.,Engineering / Architecture,https://koodivaramu.eesti.ee/e-gov/cfr/-/blob/4d8b69cb1777952f92310adda22edb95bace4467/cfr.xml | https://github.com/luukasilves/Kaskaadhankija/blob/65d2792b01f5f6d90691443af4ce11d260551fd0/docs/tehniline-ulevaade.md | https://github.com/luukasilves/Kaskaadhankija/blob/65d2792b01f5f6d90691443af4ce11d260551fd0/docs/juurutamine.md,65d2792b01f5f6d90691443af4ce11d260551fd0,4d8b69cb1777952f92310adda22edb95bace4467,2026-09-14
21,architecture,expected,True,False,Domain-driven design and autonomous microservices,Rakendused on disainitud ja arendatud domeenist juhinduva disaini (domain driven design) ja mikroteenuste arhitektuuri põhimõtteid jälgides.,Partially met,Pure domain layer and clear domain concepts; deployed as one Next process and SQLite database.,Domain design is present; autonomous microservices are absent. Seek a justified modular-monolith exception for this small workload before considering service extraction.,Architecture,https://koodivaramu.eesti.ee/e-gov/cfr/-/blob/4d8b69cb1777952f92310adda22edb95bace4467/cfr.xml | https://github.com/luukasilves/Kaskaadhankija/blob/65d2792b01f5f6d90691443af4ce11d260551fd0/docs/tehniline-ulevaade.md | https://github.com/luukasilves/Kaskaadhankija/blob/65d2792b01f5f6d90691443af4ce11d260551fd0/docs/juurutamine.md,65d2792b01f5f6d90691443af4ce11d260551fd0,4d8b69cb1777952f92310adda22edb95bace4467,2026-09-14
22,architecture,expected,True,False,Inter-system data exchange over X-tee,Infosüsteemide vaheline andmevahetus toimub üle X-tee.,Not applicable,No runtime registry or other business-system integration; only SMTP and manual workbook transfer currently.,"Reassess if RHR, registries, document management or other government-system integration enters scope. No reason to add an unused X-tee connection.",Architecture,https://koodivaramu.eesti.ee/e-gov/cfr/-/blob/4d8b69cb1777952f92310adda22edb95bace4467/cfr.xml | https://github.com/luukasilves/Kaskaadhankija/blob/65d2792b01f5f6d90691443af4ce11d260551fd0/docs/tehniline-ulevaade.md | https://github.com/luukasilves/Kaskaadhankija/blob/65d2792b01f5f6d90691443af4ce11d260551fd0/docs/juurutamine.md,65d2792b01f5f6d90691443af4ce11d260551fd0,4d8b69cb1777952f92310adda22edb95bace4467,2026-09-14
23,architecture,expected,True,False,Separate UI and reusable service layer via API,Kasutajaliides ja teenuse funktsionaalsus on loogiliselt eristatud kihid ja suhtlevad üle API. Äriloogilised tehnilised komponendid on kasutatavad erinevate kasutajaliideste poolt.,Partially met,"src/domain, src/server and src/app separate responsibilities; Next Server Actions bind interfaces to the web application.","Retain domain separation; expose stable service APIs where a second UI or external consumer is required, or agree the limited reuse scope.",Architecture / Engineering,https://koodivaramu.eesti.ee/e-gov/cfr/-/blob/4d8b69cb1777952f92310adda22edb95bace4467/cfr.xml | https://github.com/luukasilves/Kaskaadhankija/blob/65d2792b01f5f6d90691443af4ce11d260551fd0/docs/tehniline-ulevaade.md | https://github.com/luukasilves/Kaskaadhankija/blob/65d2792b01f5f6d90691443af4ce11d260551fd0/docs/juurutamine.md,65d2792b01f5f6d90691443af4ce11d260551fd0,4d8b69cb1777952f92310adda22edb95bace4467,2026-09-14
24,architecture,expected,True,False,Reusable REST API,Tehnilised komponendid avaldavad taaskasutuseks REST API,Not met,"/api/health exists; procurement operations use Next Server Actions, not a versioned reusable REST API.","Define required integration/export endpoints, authorization and semantics; add REST contracts or obtain a scoped exception.",Architecture / Engineering,https://koodivaramu.eesti.ee/e-gov/cfr/-/blob/4d8b69cb1777952f92310adda22edb95bace4467/cfr.xml | https://github.com/luukasilves/Kaskaadhankija/blob/65d2792b01f5f6d90691443af4ce11d260551fd0/docs/tehniline-ulevaade.md | https://github.com/luukasilves/Kaskaadhankija/blob/65d2792b01f5f6d90691443af4ce11d260551fd0/docs/juurutamine.md,65d2792b01f5f6d90691443af4ce11d260551fd0,4d8b69cb1777952f92310adda22edb95bace4467,2026-09-14
25,architecture,recommended,True,False,Client UI state and stateless services,Kasutajaliidese olekut (state) hoitakse kliendi liidese poolel ja teenused on ise olekuta.,Partially met,"Client components hold form state; sessions, drafts and business records persist in SQLite; in-process jobs and mail outbox remain.",Document which state is durable domain data versus UI state; remove instance-local dispatch reliance before adding replicas.,Architecture,https://koodivaramu.eesti.ee/e-gov/cfr/-/blob/4d8b69cb1777952f92310adda22edb95bace4467/cfr.xml | https://github.com/luukasilves/Kaskaadhankija/blob/65d2792b01f5f6d90691443af4ce11d260551fd0/docs/tehniline-ulevaade.md | https://github.com/luukasilves/Kaskaadhankija/blob/65d2792b01f5f6d90691443af4ce11d260551fd0/docs/juurutamine.md,65d2792b01f5f6d90691443af4ce11d260551fd0,4d8b69cb1777952f92310adda22edb95bace4467,2026-09-14
26,architecture,expected,True,False,Cloud suitability including replicas and scaling,Rakendus on pilvekõlbulik.,Partially met,"Container, environment configuration and persistent volume exist. Deployment explicitly requires exactly one instance, no scale-to-zero and Recreate.",Does not satisfy the stated multi-instance/autoscaling/two-site requirements. Agree availability exception or move to shared managed persistence plus safe distributed job/queue coordination.,Architecture / Platform,https://koodivaramu.eesti.ee/e-gov/cfr/-/blob/4d8b69cb1777952f92310adda22edb95bace4467/cfr.xml | https://github.com/luukasilves/Kaskaadhankija/blob/65d2792b01f5f6d90691443af4ce11d260551fd0/docs/tehniline-ulevaade.md | https://github.com/luukasilves/Kaskaadhankija/blob/65d2792b01f5f6d90691443af4ce11d260551fd0/docs/juurutamine.md,65d2792b01f5f6d90691443af4ce11d260551fd0,4d8b69cb1777952f92310adda22edb95bace4467,2026-09-14
27,architecture,expected,True,False,Distributed components do not share database or filesystem,"Rakenduse tehnilised hajuskomponendid ei jaga sama andmebaasi, mälu ega failisüsteemi.",Not applicable,One deployable application owns its database; there are no separately deployed business services sharing storage.,Keep ownership boundaries explicit if services are later extracted; a monolith having one database is not itself a violation of this conditional rule.,Architecture,https://koodivaramu.eesti.ee/e-gov/cfr/-/blob/4d8b69cb1777952f92310adda22edb95bace4467/cfr.xml | https://github.com/luukasilves/Kaskaadhankija/blob/65d2792b01f5f6d90691443af4ce11d260551fd0/docs/tehniline-ulevaade.md | https://github.com/luukasilves/Kaskaadhankija/blob/65d2792b01f5f6d90691443af4ce11d260551fd0/docs/juurutamine.md,65d2792b01f5f6d90691443af4ce11d260551fd0,4d8b69cb1777952f92310adda22edb95bace4467,2026-09-14
28,architecture,required,True,True,Configuration and secrets injected through environment,Rakenduse konfiguratsioon (sh. paroolid) ei ole osa tarkvara koodist vaid paigaldatakse külge rakenduse tarnel keskkonda läbi keskkonnamuutujate.,Met,src/lib/env.ts validates environment; Docker and deployment documentation use externally supplied secrets.,Keep live secrets in the receiving platform secret store; harden production startup validation for unsafe or missing settings.,Platform / Engineering,https://koodivaramu.eesti.ee/e-gov/cfr/-/blob/4d8b69cb1777952f92310adda22edb95bace4467/cfr.xml | https://github.com/luukasilves/Kaskaadhankija/blob/65d2792b01f5f6d90691443af4ce11d260551fd0/docs/tehniline-ulevaade.md | https://github.com/luukasilves/Kaskaadhankija/blob/65d2792b01f5f6d90691443af4ce11d260551fd0/docs/juurutamine.md,65d2792b01f5f6d90691443af4ce11d260551fd0,4d8b69cb1777952f92310adda22edb95bace4467,2026-09-14
29,architecture,expected,True,False,No business logic in database triggers/procedures,"Andmebaas ei tohi sisaldada äriloogikat (triggerid, protseduurid jms).",Met,Allocation and state transitions are TypeScript; drizzle triggers enforce append-only records and database integrity.,Integrity constraints are not allocation business logic. Ask the receiving architect to confirm this interpretation if any trigger is disallowed literally.,Architecture,https://koodivaramu.eesti.ee/e-gov/cfr/-/blob/4d8b69cb1777952f92310adda22edb95bace4467/cfr.xml | https://github.com/luukasilves/Kaskaadhankija/blob/65d2792b01f5f6d90691443af4ce11d260551fd0/docs/tehniline-ulevaade.md | https://github.com/luukasilves/Kaskaadhankija/blob/65d2792b01f5f6d90691443af4ce11d260551fd0/docs/juurutamine.md,65d2792b01f5f6d90691443af4ce11d260551fd0,4d8b69cb1777952f92310adda22edb95bace4467,2026-09-14
30,architecture,required,True,True,Reuse existing national or OS identity system,Rakendus ei tohi luua uut identiteedisüsteemi. Tuleb tugineda olemasolevatele riiklikele (ID-kaart) või põhiliste op-süsteemide süsteemidele (Kerberos jms).,Not met,"Custom users, representatives, login_codes and sessions, with mailbox possession as authentication.",Integrate the accepted identity provider; application-specific roles/representation may remain in the application.,Security / Engineering,https://koodivaramu.eesti.ee/e-gov/cfr/-/blob/4d8b69cb1777952f92310adda22edb95bace4467/cfr.xml | https://github.com/luukasilves/Kaskaadhankija/blob/65d2792b01f5f6d90691443af4ce11d260551fd0/docs/tehniline-ulevaade.md | https://github.com/luukasilves/Kaskaadhankija/blob/65d2792b01f5f6d90691443af4ce11d260551fd0/docs/juurutamine.md,65d2792b01f5f6d90691443af4ce11d260551fd0,4d8b69cb1777952f92310adda22edb95bace4467,2026-09-14
31,architecture,deprecated,False,False,RIHA X technical XML manifest,Tehnilised komponendid peavad saatma tehnilise XML manifesti RIHA X'i,Not applicable,Source explicitly marks this requirement deprecated.,Excluded from active assessment; do not implement the deprecated manifest requirement.,Service owner,https://koodivaramu.eesti.ee/e-gov/cfr/-/blob/4d8b69cb1777952f92310adda22edb95bace4467/cfr.xml | https://github.com/luukasilves/Kaskaadhankija/blob/65d2792b01f5f6d90691443af4ce11d260551fd0/docs/tehniline-ulevaade.md | https://github.com/luukasilves/Kaskaadhankija/blob/65d2792b01f5f6d90691443af4ce11d260551fd0/docs/juurutamine.md,65d2792b01f5f6d90691443af4ce11d260551fd0,4d8b69cb1777952f92310adda22edb95bace4467,2026-09-14
32,quality,recommended,True,False,Explicit documented user stories / functional scope,Süsteemi funktsionaalne skoop on defineeritud ja dokumenteeritud selgesõnaliste kasutuslugudega. Nimetatud kasutuslood peavad olema toote ärilises dokumentatsioonis.,Met,docs/kaskaadi-ariloogika.md has 96 identified rules and worked examples; user guide and role/lifecycle descriptions.,Strong functional scope. Reconcile stale order-issuance wording with L-25 and resolve listed open business decisions.,Product owner,https://koodivaramu.eesti.ee/e-gov/cfr/-/blob/4d8b69cb1777952f92310adda22edb95bace4467/cfr.xml | https://github.com/luukasilves/Kaskaadhankija/blob/65d2792b01f5f6d90691443af4ce11d260551fd0/docs/tehniline-ulevaade.md | https://github.com/luukasilves/Kaskaadhankija/blob/65d2792b01f5f6d90691443af4ce11d260551fd0/docs/juurutamine.md,65d2792b01f5f6d90691443af4ce11d260551fd0,4d8b69cb1777952f92310adda22edb95bace4467,2026-09-14
33,quality,expected,True,False,Automated user-functionality testing,Kasutajafunktsionaalsus peab olema kaetud automaattestidega.,Partially met,591 tests and auth/e2e/admin/protocol suites pass locally; direct-action probes exposed missed negative paths.,"Run browser acceptance in release CI; add risk-based object authorization, timing and interrupted-mail scenarios. Passing happy paths are not complete coverage.",Engineering / QA,https://koodivaramu.eesti.ee/e-gov/cfr/-/blob/4d8b69cb1777952f92310adda22edb95bace4467/cfr.xml | https://github.com/luukasilves/Kaskaadhankija/blob/65d2792b01f5f6d90691443af4ce11d260551fd0/docs/tehniline-ulevaade.md | https://github.com/luukasilves/Kaskaadhankija/blob/65d2792b01f5f6d90691443af4ce11d260551fd0/docs/juurutamine.md,65d2792b01f5f6d90691443af4ce11d260551fd0,4d8b69cb1777952f92310adda22edb95bace4467,2026-09-14
34,quality,expected,True,False,Load testing at twice expected users before production,Rakendused on läbinud koormustestid vähemalt kahekordse eeldatava kasutajamahuga enne toodangusse minekut.,Unverified,docs/juurutamine.md estimates tens of partners and hundreds of annual rounds; no 2x load-test evidence or explicit peak target found.,"Agree simultaneous users, uploads and deadline bursts; test at least 2x peak, including slow SMTP and concurrent SQLite writes.",QA / Platform,https://koodivaramu.eesti.ee/e-gov/cfr/-/blob/4d8b69cb1777952f92310adda22edb95bace4467/cfr.xml | https://github.com/luukasilves/Kaskaadhankija/blob/65d2792b01f5f6d90691443af4ce11d260551fd0/docs/tehniline-ulevaade.md | https://github.com/luukasilves/Kaskaadhankija/blob/65d2792b01f5f6d90691443af4ce11d260551fd0/docs/juurutamine.md,65d2792b01f5f6d90691443af4ce11d260551fd0,4d8b69cb1777952f92310adda22edb95bace4467,2026-09-14
35,quality,expected,True,False,Unit tests for complex internal functions,Keerulisemad sisemised tarkvaralised funktsioonid on kaetud unit-testidega.,Met,"31 test files, 591 passing tests under Node 22; allocation, calendars, engine, migrations, imports, documents and authentication covered.",Preserve tests and add independent edge-case tests for the reproduced defects. Test count is not proof that every rule is correct.,Engineering,https://koodivaramu.eesti.ee/e-gov/cfr/-/blob/4d8b69cb1777952f92310adda22edb95bace4467/cfr.xml | https://github.com/luukasilves/Kaskaadhankija/blob/65d2792b01f5f6d90691443af4ce11d260551fd0/docs/tehniline-ulevaade.md | https://github.com/luukasilves/Kaskaadhankija/blob/65d2792b01f5f6d90691443af4ce11d260551fd0/docs/juurutamine.md,65d2792b01f5f6d90691443af4ce11d260551fd0,4d8b69cb1777952f92310adda22edb95bace4467,2026-09-14
36,quality,recommended,True,False,Use RIA e-government style guide,Kasutajaliides kasutab Riigi Infosüsteemide Amet'i pakutavat e-riigi stiiliraamatut.,Not met,src/app/globals.css and custom kh-* UI implement a bespoke dark theme; no RIA design-system adoption documented.,Agree agency design-system requirements and apply approved components/style or document exception.,Design / Product owner,https://koodivaramu.eesti.ee/e-gov/cfr/-/blob/4d8b69cb1777952f92310adda22edb95bace4467/cfr.xml | https://github.com/luukasilves/Kaskaadhankija/blob/65d2792b01f5f6d90691443af4ce11d260551fd0/docs/tehniline-ulevaade.md | https://github.com/luukasilves/Kaskaadhankija/blob/65d2792b01f5f6d90691443af4ce11d260551fd0/docs/juurutamine.md,65d2792b01f5f6d90691443af4ce11d260551fd0,4d8b69cb1777952f92310adda22edb95bace4467,2026-09-14
37,quality,expected,True,False,Supported eID browser compatibility,"Rakendus peab töötama veebisirvijates, mis toetavad eID baastarkvara kaht viimast versiooni.",Unverified,Chromium/Chrome suites passed; no evidence for the required supported browser/version matrix.,"Validate current officially supported eID browsers and versions, including keyboard and assistive technology combinations.",QA,https://koodivaramu.eesti.ee/e-gov/cfr/-/blob/4d8b69cb1777952f92310adda22edb95bace4467/cfr.xml | https://github.com/luukasilves/Kaskaadhankija/blob/65d2792b01f5f6d90691443af4ce11d260551fd0/docs/tehniline-ulevaade.md | https://github.com/luukasilves/Kaskaadhankija/blob/65d2792b01f5f6d90691443af4ce11d260551fd0/docs/juurutamine.md,65d2792b01f5f6d90691443af4ce11d260551fd0,4d8b69cb1777952f92310adda22edb95bace4467,2026-09-14
38,quality,expected,True,False,HTML5 and CSS3 standards,Veebipõhine kasutajaliides järgib HTML5 ja CSS3 standardeid.,Partially met,Modern semantic HTML/React and CSS/Tailwind; rendered pages work in Chrome.,Run standards validation and cross-browser checks; functional Chrome tests do not establish full standards conformance.,Engineering / QA,https://koodivaramu.eesti.ee/e-gov/cfr/-/blob/4d8b69cb1777952f92310adda22edb95bace4467/cfr.xml | https://github.com/luukasilves/Kaskaadhankija/blob/65d2792b01f5f6d90691443af4ce11d260551fd0/docs/tehniline-ulevaade.md | https://github.com/luukasilves/Kaskaadhankija/blob/65d2792b01f5f6d90691443af4ce11d260551fd0/docs/juurutamine.md,65d2792b01f5f6d90691443af4ce11d260551fd0,4d8b69cb1777952f92310adda22edb95bace4467,2026-09-14
39,quality,recommended,True,False,WCAG 2.1 AA,Rakendus vastab WCAG 2.1 AA tasemele,Not met,"axe 4.13 scans: primary buttons 2.53:1 contrast, colour-only links, unlabelled file input; sample PDF is untagged and has no language metadata.","Fix confirmed web failures, review PDF accessibility, and complete manual keyboard/screen-reader/zoom assessment plus accessibility statement. CFR says recommended; public-service accessibility obligations exist separately.",Design / Accessibility QA,https://koodivaramu.eesti.ee/e-gov/cfr/-/blob/4d8b69cb1777952f92310adda22edb95bace4467/cfr.xml | https://github.com/luukasilves/Kaskaadhankija/blob/65d2792b01f5f6d90691443af4ce11d260551fd0/docs/tehniline-ulevaade.md | https://github.com/luukasilves/Kaskaadhankija/blob/65d2792b01f5f6d90691443af4ce11d260551fd0/docs/juurutamine.md | https://www.ttja.ee/avaliku-sektori-digiligipaasetavus,65d2792b01f5f6d90691443af4ce11d260551fd0,4d8b69cb1777952f92310adda22edb95bace4467,2026-09-14
40,security,expected,True,False,Static code analysis,Tarkvara koodile rakendatakse staatilise koodi analüüsi.,Partially met,Strict TypeScript check runs in CI; lint command prompts to configure missing ESLint and exits unsuccessfully noninteractively.,Keep compiler checks; configure noninteractive lint/security analysis and actionable CI gates.,Engineering,https://koodivaramu.eesti.ee/e-gov/cfr/-/blob/4d8b69cb1777952f92310adda22edb95bace4467/cfr.xml | https://github.com/luukasilves/Kaskaadhankija/blob/65d2792b01f5f6d90691443af4ce11d260551fd0/docs/tehniline-ulevaade.md | https://github.com/luukasilves/Kaskaadhankija/blob/65d2792b01f5f6d90691443af4ce11d260551fd0/docs/juurutamine.md,65d2792b01f5f6d90691443af4ce11d260551fd0,4d8b69cb1777952f92310adda22edb95bace4467,2026-09-14
41,security,required,True,True,Operational logging and audit stored outside app/database,Rakenduse tarkvara tööd logitakse ning audit-logi talletatakse rakendusest ning selle baasist eraldi.,Not met,src/server/audit.ts writes audit_events in the same SQLite transaction/database; stdout operational logs do not export that full audit trail.,"Ship auditable events to independently protected storage; define retention, access auditing, delivery failure handling and incident retrieval. Preserve transactional local logging.",Security / Platform / Engineering,https://koodivaramu.eesti.ee/e-gov/cfr/-/blob/4d8b69cb1777952f92310adda22edb95bace4467/cfr.xml | https://github.com/luukasilves/Kaskaadhankija/blob/65d2792b01f5f6d90691443af4ce11d260551fd0/docs/tehniline-ulevaade.md | https://github.com/luukasilves/Kaskaadhankija/blob/65d2792b01f5f6d90691443af4ce11d260551fd0/docs/juurutamine.md,65d2792b01f5f6d90691443af4ce11d260551fd0,4d8b69cb1777952f92310adda22edb95bace4467,2026-09-14
42,security,required,True,True,No personal data or session secrets in URLs,URL ei tohi sisaldada isikuandmeid või sessioonivõtit.,Not met,src/server/actions/auth.ts:116 redirects to /sisene/kood?e=<email>.,Replace email in query parameters with an opaque challenge reference or server-side flow state; redact historical access logs according to policy.,Engineering,https://koodivaramu.eesti.ee/e-gov/cfr/-/blob/4d8b69cb1777952f92310adda22edb95bace4467/cfr.xml | https://github.com/luukasilves/Kaskaadhankija/blob/65d2792b01f5f6d90691443af4ce11d260551fd0/docs/tehniline-ulevaade.md | https://github.com/luukasilves/Kaskaadhankija/blob/65d2792b01f5f6d90691443af4ce11d260551fd0/docs/juurutamine.md,65d2792b01f5f6d90691443af4ce11d260551fd0,4d8b69cb1777952f92310adda22edb95bace4467,2026-09-14
43,security,required,True,True,Baseline ISKE K2T2S2 unless specified otherwise,"Kui ei ole määratud teisiti, peab rakendus olema kasutatav ISKE klassile K2T2S2 vastavate süsteemide loomisel.",Unverified,"No approved information classification, control mapping or security assessment found. CFR contains legacy ISKE terminology.","Agency security owner must determine current E-ITS obligations, classification and controls. Do not equate compliance with this old CFR file to current E-ITS compliance.",Security / Service owner,https://koodivaramu.eesti.ee/e-gov/cfr/-/blob/4d8b69cb1777952f92310adda22edb95bace4467/cfr.xml | https://github.com/luukasilves/Kaskaadhankija/blob/65d2792b01f5f6d90691443af4ce11d260551fd0/docs/tehniline-ulevaade.md | https://github.com/luukasilves/Kaskaadhankija/blob/65d2792b01f5f6d90691443af4ce11d260551fd0/docs/juurutamine.md | https://www.ria.ee/uudised/kehtima-hakkavad-uued-infoturbenouded,65d2792b01f5f6d90691443af4ce11d260551fd0,4d8b69cb1777952f92310adda22edb95bace4467,2026-09-14
44,security,expected,True,False,Server-side input validation,Kasutaja ja rakenduste (sealhulgas ka enda omade) sisendit kontrollitakse ja puhastatakse rakenduse poolel vastu rakenduse enda siseseid ootuseid.,Partially met,"Zod environment parsing, typed import-row validators and many engine guards; missing early-close deadline invariant and notification ownership check.","Enforce invariants at the server domain boundary; reject malformed caps, and bound workbook expansion/row counts and strings, with abuse tests.",Engineering,https://koodivaramu.eesti.ee/e-gov/cfr/-/blob/4d8b69cb1777952f92310adda22edb95bace4467/cfr.xml | https://github.com/luukasilves/Kaskaadhankija/blob/65d2792b01f5f6d90691443af4ce11d260551fd0/docs/tehniline-ulevaade.md | https://github.com/luukasilves/Kaskaadhankija/blob/65d2792b01f5f6d90691443af4ce11d260551fd0/docs/juurutamine.md,65d2792b01f5f6d90691443af4ce11d260551fd0,4d8b69cb1777952f92310adda22edb95bace4467,2026-09-14
45,security,expected,True,False,Sanitize/filter outputs,Rakenduse väljundit tuleb alati puhastada ja filtreerida enne kasutamist.,Partially met,React escapes ordinary text; domain HTML templates escape inserted values; PDF denies external resource access.,"Positive implementation evidence, but no exhaustive stored-XSS, spreadsheet-formula and every-output sink assessment. Include those in security testing.",Engineering / Security,https://koodivaramu.eesti.ee/e-gov/cfr/-/blob/4d8b69cb1777952f92310adda22edb95bace4467/cfr.xml | https://github.com/luukasilves/Kaskaadhankija/blob/65d2792b01f5f6d90691443af4ce11d260551fd0/docs/tehniline-ulevaade.md | https://github.com/luukasilves/Kaskaadhankija/blob/65d2792b01f5f6d90691443af4ce11d260551fd0/docs/juurutamine.md,65d2792b01f5f6d90691443af4ce11d260551fd0,4d8b69cb1777952f92310adda22edb95bace4467,2026-09-14
46,security,expected,True,False,Current approved cryptographic algorithms,Kasutada ajakohaseid krüptoalgoritme,Partially met,"CSPRNG session tokens, SHA-256, HMAC-SHA256 and timing-safe comparison in auth; protocol integrity comparison is incomplete.","Validate algorithms, key lengths, TLS settings and lifecycle against latest RIA guidance; correct protocol trust check and document tested session revocation.",Security / Engineering,https://koodivaramu.eesti.ee/e-gov/cfr/-/blob/4d8b69cb1777952f92310adda22edb95bace4467/cfr.xml | https://github.com/luukasilves/Kaskaadhankija/blob/65d2792b01f5f6d90691443af4ce11d260551fd0/docs/tehniline-ulevaade.md | https://github.com/luukasilves/Kaskaadhankija/blob/65d2792b01f5f6d90691443af4ce11d260551fd0/docs/juurutamine.md,65d2792b01f5f6d90691443af4ce11d260551fd0,4d8b69cb1777952f92310adda22edb95bace4467,2026-09-14
47,security,required,True,True,"TLS between user interfaces and components, including internal networks",Kasutajaliides ja tehnilised komponendid suhtlevad üle TLS/SSL'i,Partially met,Deployment guide requires edge TLS/HSTS but shows proxy-to-application HTTP; local server tested over HTTP.,"Verify actual government end-to-end TLS topology, including internal hops or approved exception. Local HTTP test is not evidence about public endpoint TLS.",Platform / Security,https://koodivaramu.eesti.ee/e-gov/cfr/-/blob/4d8b69cb1777952f92310adda22edb95bace4467/cfr.xml | https://github.com/luukasilves/Kaskaadhankija/blob/65d2792b01f5f6d90691443af4ce11d260551fd0/docs/tehniline-ulevaade.md | https://github.com/luukasilves/Kaskaadhankija/blob/65d2792b01f5f6d90691443af4ce11d260551fd0/docs/juurutamine.md,65d2792b01f5f6d90691443af4ce11d260551fd0,4d8b69cb1777952f92310adda22edb95bace4467,2026-09-14
48,security,expected,True,False,TLS between technical components,Rakenduse tehnilised komponendid suhtlevad omavahel üle TLS/SSL'i,Partially met,"SMTP supports implicit TLS and required STARTTLS, but flags default off; internal application HTTP is documented.",Enforce approved TLS settings at production startup and platform; verify certificates and relay/proxy connections in deployed environment.,Platform / Security,https://koodivaramu.eesti.ee/e-gov/cfr/-/blob/4d8b69cb1777952f92310adda22edb95bace4467/cfr.xml | https://github.com/luukasilves/Kaskaadhankija/blob/65d2792b01f5f6d90691443af4ce11d260551fd0/docs/tehniline-ulevaade.md | https://github.com/luukasilves/Kaskaadhankija/blob/65d2792b01f5f6d90691443af4ce11d260551fd0/docs/juurutamine.md,65d2792b01f5f6d90691443af4ce11d260551fd0,4d8b69cb1777952f92310adda22edb95bace4467,2026-09-14
49,data,expected,True,False,Retain business records when deleting,"Andmete kustutamine ei tohi kustutada tegelikke kirjeid andmebaasist, välja arvatud, kui kirjed pole mittefunktsionaalsed, ehk ei oma ärilist seost.",Partially met,Deactivation/cancellation and append-only confirmations/audit preserve history; engine.ts replaces draft round_trainings with physical deletion.,Define record retention and which transient draft associations may be physically replaced; test that all required historical business states remain reconstructable.,Data owner / Engineering,https://koodivaramu.eesti.ee/e-gov/cfr/-/blob/4d8b69cb1777952f92310adda22edb95bace4467/cfr.xml | https://github.com/luukasilves/Kaskaadhankija/blob/65d2792b01f5f6d90691443af4ce11d260551fd0/docs/tehniline-ulevaade.md | https://github.com/luukasilves/Kaskaadhankija/blob/65d2792b01f5f6d90691443af4ce11d260551fd0/docs/juurutamine.md,65d2792b01f5f6d90691443af4ce11d260551fd0,4d8b69cb1777952f92310adda22edb95bace4467,2026-09-14
50,data,required,True,True,At least UTF-8 data storage,Andmed peavad olema talletatud vähemalt UTF-8 enkoodingus.,Met,SQLite text and UTF-8 import/export paths; Estonian text exercised in unit/browser tests.,"Preserve Unicode end-to-end. Standard-font PDF transliteration is a separate display limitation, not proof of non-UTF-8 database storage.",Engineering,https://koodivaramu.eesti.ee/e-gov/cfr/-/blob/4d8b69cb1777952f92310adda22edb95bace4467/cfr.xml | https://github.com/luukasilves/Kaskaadhankija/blob/65d2792b01f5f6d90691443af4ce11d260551fd0/docs/tehniline-ulevaade.md | https://github.com/luukasilves/Kaskaadhankija/blob/65d2792b01f5f6d90691443af4ce11d260551fd0/docs/juurutamine.md,65d2792b01f5f6d90691443af4ce11d260551fd0,4d8b69cb1777952f92310adda22edb95bace4467,2026-09-14
51,data,expected,True,False,ISO 8601 text dates/times,Aja esitamisel tekstikujul lähtuda standardist ISO 8601.,Met,Calendar data uses ISO day strings; instants stored as epoch milliseconds; Tallinn human-facing formatting explicit.,Keep timezone semantics in exported schema. Localised UI dates are explicitly allowed by the CFR notes.,Engineering,https://koodivaramu.eesti.ee/e-gov/cfr/-/blob/4d8b69cb1777952f92310adda22edb95bace4467/cfr.xml | https://github.com/luukasilves/Kaskaadhankija/blob/65d2792b01f5f6d90691443af4ce11d260551fd0/docs/tehniline-ulevaade.md | https://github.com/luukasilves/Kaskaadhankija/blob/65d2792b01f5f6d90691443af4ce11d260551fd0/docs/juurutamine.md,65d2792b01f5f6d90691443af4ce11d260551fd0,4d8b69cb1777952f92310adda22edb95bace4467,2026-09-14
52,data,expected,True,False,National registry identifiers and country prefixes,Objektid identifitseerida registrikoodide abil.,Partially met,partners.reg_code exists; users/representatives are identified through email; no country-qualified verified personal ID.,"With identity integration, define national/foreign subject identifiers and representation mapping; qualify registry codes as required or document bounded scope.",Architecture / Data owner,https://koodivaramu.eesti.ee/e-gov/cfr/-/blob/4d8b69cb1777952f92310adda22edb95bace4467/cfr.xml | https://github.com/luukasilves/Kaskaadhankija/blob/65d2792b01f5f6d90691443af4ce11d260551fd0/docs/tehniline-ulevaade.md | https://github.com/luukasilves/Kaskaadhankija/blob/65d2792b01f5f6d90691443af4ce11d260551fd0/docs/juurutamine.md,65d2792b01f5f6d90691443af4ce11d260551fd0,4d8b69cb1777952f92310adda22edb95bace4467,2026-09-14
53,data,expected,True,False,Address data system requirements,Rakendada aadressiandmete süsteemi nõudeid.,Partially met,trainings.county and location_text; free text can contain Estonian physical addresses; no ADS identifier/integration.,Determine which location values are addresses versus venue descriptions. Use official address data where applicable; document online-only/unspecified-location exceptions.,Data owner / Engineering,https://koodivaramu.eesti.ee/e-gov/cfr/-/blob/4d8b69cb1777952f92310adda22edb95bace4467/cfr.xml | https://github.com/luukasilves/Kaskaadhankija/blob/65d2792b01f5f6d90691443af4ce11d260551fd0/docs/tehniline-ulevaade.md | https://github.com/luukasilves/Kaskaadhankija/blob/65d2792b01f5f6d90691443af4ce11d260551fd0/docs/juurutamine.md,65d2792b01f5f6d90691443af4ce11d260551fd0,4d8b69cb1777952f92310adda22edb95bace4467,2026-09-14
54,data,expected,True,False,Classification system / EMTAK for economic activities,Rakendada klassifikaatorite süsteemi nõudeid.,Not applicable,No economic-activity field or EMTAK use in the reviewed data model.,Reassess if economic activity is added. Other classifier use is assessed separately in #61.,Data owner,https://koodivaramu.eesti.ee/e-gov/cfr/-/blob/4d8b69cb1777952f92310adda22edb95bace4467/cfr.xml | https://github.com/luukasilves/Kaskaadhankija/blob/65d2792b01f5f6d90691443af4ce11d260551fd0/docs/tehniline-ulevaade.md | https://github.com/luukasilves/Kaskaadhankija/blob/65d2792b01f5f6d90691443af4ce11d260551fd0/docs/juurutamine.md,65d2792b01f5f6d90691443af4ce11d260551fd0,4d8b69cb1777952f92310adda22edb95bace4467,2026-09-14
55,data,required,True,True,Version all records containing integrity-class-2+ data,"Kui andmebaasis olevate andmete ISKE tervikluse klass on 2 või kõrgem, siis tuleb kõik klass 2 infot sisaldavad andmebaasi kirjed versioneerida.",Partially met,Publication/allocation snapshots and append-only confirmations/audit exist; many entity rows change in place; protocol rows are mutable.,"Assuming default T2, define all in-scope records and provide complete version history. Audit summaries and selected snapshots alone do not establish universal record versioning. Confirm classification with owner.",Data owner / Security / Engineering,https://koodivaramu.eesti.ee/e-gov/cfr/-/blob/4d8b69cb1777952f92310adda22edb95bace4467/cfr.xml | https://github.com/luukasilves/Kaskaadhankija/blob/65d2792b01f5f6d90691443af4ce11d260551fd0/docs/tehniline-ulevaade.md | https://github.com/luukasilves/Kaskaadhankija/blob/65d2792b01f5f6d90691443af4ce11d260551fd0/docs/juurutamine.md,65d2792b01f5f6d90691443af4ce11d260551fd0,4d8b69cb1777952f92310adda22edb95bace4467,2026-09-14
56,data,expected,True,False,Use RIA Data Tracker,Kasutatakse Riigi Infosüsteemide Ameti andmejälgijat.,Not met,No Andmejälgija interface or integration found; local audit UI is a different capability.,Determine applicability with the data controller and implement approved tracking integration or document exception.,Data owner / Architecture,https://koodivaramu.eesti.ee/e-gov/cfr/-/blob/4d8b69cb1777952f92310adda22edb95bace4467/cfr.xml | https://github.com/luukasilves/Kaskaadhankija/blob/65d2792b01f5f6d90691443af4ce11d260551fd0/docs/tehniline-ulevaade.md | https://github.com/luukasilves/Kaskaadhankija/blob/65d2792b01f5f6d90691443af4ce11d260551fd0/docs/juurutamine.md,65d2792b01f5f6d90691443af4ce11d260551fd0,4d8b69cb1777952f92310adda22edb95bace4467,2026-09-14
57,data,required,True,True,Publish state information-system data descriptions in RIHA,Riigi infosüsteemi kuuluvate andmekogude andmekirjeldused on avalikustatud RIHAs.,Unverified,"No RIHA listing, JSON manifest or registration evidence supplied. Public register status/application boundary is not established by code.","Identify the responsible data collection/system, confirm RIHA obligation and publish/associate required descriptions. Do not infer that this tool must be a separate register.",Service owner / Data owner,https://koodivaramu.eesti.ee/e-gov/cfr/-/blob/4d8b69cb1777952f92310adda22edb95bace4467/cfr.xml | https://github.com/luukasilves/Kaskaadhankija/blob/65d2792b01f5f6d90691443af4ce11d260551fd0/docs/tehniline-ulevaade.md | https://github.com/luukasilves/Kaskaadhankija/blob/65d2792b01f5f6d90691443af4ce11d260551fd0/docs/juurutamine.md,65d2792b01f5f6d90691443af4ce11d260551fd0,4d8b69cb1777952f92310adda22edb95bace4467,2026-09-14
58,data,expected,True,False,"Dataset, data-element descriptions and data dictionary",Infosüsteemile on koostatud andmekirjeldus.,Partially met,"Commented schema, technical overview, workbook field descriptions and business glossary exist.","Create governed dataset/element definitions with meaning, ownership, identifiers, constraints and retention; export in the receiving catalogue format.",Data owner,https://koodivaramu.eesti.ee/e-gov/cfr/-/blob/4d8b69cb1777952f92310adda22edb95bace4467/cfr.xml | https://github.com/luukasilves/Kaskaadhankija/blob/65d2792b01f5f6d90691443af4ce11d260551fd0/docs/tehniline-ulevaade.md | https://github.com/luukasilves/Kaskaadhankija/blob/65d2792b01f5f6d90691443af4ce11d260551fd0/docs/juurutamine.md,65d2792b01f5f6d90691443af4ce11d260551fd0,4d8b69cb1777952f92310adda22edb95bace4467,2026-09-14
59,data,expected,True,False,Data quality model and measurable indicators,Infosüsteemile saab rakendada andmekvaliteedi mudelit.,Partially met,Validation/uniqueness rules address some correctness and conformity; no explicit five-dimension quality model or measurement specification.,"Define relevant completeness, timeliness, accuracy, conformity and uniqueness indicators and ownership at field/dataset level.",Data owner,https://koodivaramu.eesti.ee/e-gov/cfr/-/blob/4d8b69cb1777952f92310adda22edb95bace4467/cfr.xml | https://github.com/luukasilves/Kaskaadhankija/blob/65d2792b01f5f6d90691443af4ce11d260551fd0/docs/tehniline-ulevaade.md | https://github.com/luukasilves/Kaskaadhankija/blob/65d2792b01f5f6d90691443af4ce11d260551fd0/docs/juurutamine.md,65d2792b01f5f6d90691443af4ce11d260551fd0,4d8b69cb1777952f92310adda22edb95bace4467,2026-09-14
60,data,expected,True,False,Export data quality measurements,Infosüsteemist saab kvaliteedi mõõtmise tulemusi välja võtta.,Not met,No stored quality-measurement runs or indicator-result export found.,"Implement export of the agreed #59 indicators, their units, scope and measurement timestamps; retain results per policy.",Data owner / Engineering,https://koodivaramu.eesti.ee/e-gov/cfr/-/blob/4d8b69cb1777952f92310adda22edb95bace4467/cfr.xml | https://github.com/luukasilves/Kaskaadhankija/blob/65d2792b01f5f6d90691443af4ce11d260551fd0/docs/tehniline-ulevaade.md | https://github.com/luukasilves/Kaskaadhankija/blob/65d2792b01f5f6d90691443af4ce11d260551fd0/docs/juurutamine.md,65d2792b01f5f6d90691443af4ce11d260551fd0,4d8b69cb1777952f92310adda22edb95bace4467,2026-09-14
61,data,expected,True,False,Integrate maintained official classifiers,Infosüsteem peab olema liidestatud ja kasutama klassifikaatorite haldajate poolt kehtestatud klassifikaatoreid.,Not met,COUNTIES and other enumerations are static source constants; no maintained classifier integration/versioning found.,Inventory genuine official classifiers versus app-specific statuses; source official values and validity periods through a maintained integration.,Data owner / Engineering,https://koodivaramu.eesti.ee/e-gov/cfr/-/blob/4d8b69cb1777952f92310adda22edb95bace4467/cfr.xml | https://github.com/luukasilves/Kaskaadhankija/blob/65d2792b01f5f6d90691443af4ce11d260551fd0/docs/tehniline-ulevaade.md | https://github.com/luukasilves/Kaskaadhankija/blob/65d2792b01f5f6d90691443af4ce11d260551fd0/docs/juurutamine.md,65d2792b01f5f6d90691443af4ce11d260551fd0,4d8b69cb1777952f92310adda22edb95bace4467,2026-09-14
62,data,required,True,True,Human- and machine-readable export with semantics,Andmeid saab eksportida masin- ja inimloetavas vormingus.,Partially met,PDF protocol and structured XLSX exports exist; canonical protocol JSON stays internal; complete documented machine export is absent.,"Define export scope and semantics, including decisions/evidence and personal-data filtering. Add stable JSON/CSV/XML export where required; XLSX is structured but current coverage is incomplete.",Data owner / Engineering,https://koodivaramu.eesti.ee/e-gov/cfr/-/blob/4d8b69cb1777952f92310adda22edb95bace4467/cfr.xml | https://github.com/luukasilves/Kaskaadhankija/blob/65d2792b01f5f6d90691443af4ce11d260551fd0/docs/tehniline-ulevaade.md | https://github.com/luukasilves/Kaskaadhankija/blob/65d2792b01f5f6d90691443af4ce11d260551fd0/docs/juurutamine.md,65d2792b01f5f6d90691443af4ce11d260551fd0,4d8b69cb1777952f92310adda22edb95bace4467,2026-09-14
63,security,required,True,True,No secrets in source or web documents,"Võtmeid, sertifikaate, salasõnu ja muud sensitiivset ei talletata koodihoidlas või veebidokumentides.",Met,Configuration uses env; current tracked-file basic key/token scan found no live-looking key material; .env.example is a template.,"Scoped result only: does not certify git history, deployed secrets or access controls. Run managed secret scanning and verify platform secret storage at handover.",Security / Platform,https://koodivaramu.eesti.ee/e-gov/cfr/-/blob/4d8b69cb1777952f92310adda22edb95bace4467/cfr.xml | https://github.com/luukasilves/Kaskaadhankija/blob/65d2792b01f5f6d90691443af4ce11d260551fd0/docs/tehniline-ulevaade.md | https://github.com/luukasilves/Kaskaadhankija/blob/65d2792b01f5f6d90691443af4ce11d260551fd0/docs/juurutamine.md,65d2792b01f5f6d90691443af4ce11d260551fd0,4d8b69cb1777952f92310adda22edb95bace4467,2026-09-14
64,security,required,True,True,Resilience to external-system failure,Rakendus peab olema väliste süsteemide tõrgete suhtes vastupanuvõimeline (resilient).,Partially met,Business transactions commit before SMTP and failed deliveries retry; stranded queued-mail probe reproduced; requests await sequential dispatch.,"Use a durable worker that recovers queued/interrupted sends, with claims, retry/backoff and backlog alerts; isolate request latency from relay timeouts.",Engineering / Platform,https://koodivaramu.eesti.ee/e-gov/cfr/-/blob/4d8b69cb1777952f92310adda22edb95bace4467/cfr.xml | https://github.com/luukasilves/Kaskaadhankija/blob/65d2792b01f5f6d90691443af4ce11d260551fd0/docs/tehniline-ulevaade.md | https://github.com/luukasilves/Kaskaadhankija/blob/65d2792b01f5f6d90691443af4ce11d260551fd0/docs/juurutamine.md,65d2792b01f5f6d90691443af4ce11d260551fd0,4d8b69cb1777952f92310adda22edb95bace4467,2026-09-14
65,security,draft,False,False,WAF rules during development,Arenduse käigus luua WAF reeglid.,Not met,No application-specific WAF rules supplied.,Draft only: include platform WAF decisions in threat modelling; do not treat this as an active mandatory CFR failure.,Security / Platform,https://koodivaramu.eesti.ee/e-gov/cfr/-/blob/4d8b69cb1777952f92310adda22edb95bace4467/cfr.xml | https://github.com/luukasilves/Kaskaadhankija/blob/65d2792b01f5f6d90691443af4ce11d260551fd0/docs/tehniline-ulevaade.md | https://github.com/luukasilves/Kaskaadhankija/blob/65d2792b01f5f6d90691443af4ce11d260551fd0/docs/juurutamine.md,65d2792b01f5f6d90691443af4ce11d260551fd0,4d8b69cb1777952f92310adda22edb95bace4467,2026-09-14
66,security,draft,False,False,Attribute every action to a person,Kõik tegevused peavad olema isikustatud.,Partially met,User/action audit and act-as attribution exist; background jobs use system actors; notification read changes are not fully attributed.,Draft only: clarify system versus human actions and complete required audit coverage.,Security / Engineering,https://koodivaramu.eesti.ee/e-gov/cfr/-/blob/4d8b69cb1777952f92310adda22edb95bace4467/cfr.xml | https://github.com/luukasilves/Kaskaadhankija/blob/65d2792b01f5f6d90691443af4ce11d260551fd0/docs/tehniline-ulevaade.md | https://github.com/luukasilves/Kaskaadhankija/blob/65d2792b01f5f6d90691443af4ce11d260551fd0/docs/juurutamine.md,65d2792b01f5f6d90691443af4ce11d260551fd0,4d8b69cb1777952f92310adda22edb95bace4467,2026-09-14
67,security,draft,False,False,Administrative MFA when MFA is used,"Kui kasutatakse mitmefaktorilist autentimist, siis sama kohustus on ka administratiivsetele funktsioonidele.",Not applicable,Application does not currently use MFA; email OTP is a single factor.,Draft and conditional. Apply equal or stronger administrator assurance when national identity/MFA is introduced.,Security,https://koodivaramu.eesti.ee/e-gov/cfr/-/blob/4d8b69cb1777952f92310adda22edb95bace4467/cfr.xml | https://github.com/luukasilves/Kaskaadhankija/blob/65d2792b01f5f6d90691443af4ce11d260551fd0/docs/tehniline-ulevaade.md | https://github.com/luukasilves/Kaskaadhankija/blob/65d2792b01f5f6d90691443af4ce11d260551fd0/docs/juurutamine.md,65d2792b01f5f6d90691443af4ce11d260551fd0,4d8b69cb1777952f92310adda22edb95bace4467,2026-09-14
